{
    "root_group": {
        "name": "",
        "path": "",
        "id": "d41d8cd98f00b204e9800998ecf8427e",
        "groups": {},
        "checks": {}
    },
    "metrics": {
        "http_req_connecting": {
            "p(95)": 0.23032525,
            "avg": 0.0575813125,
            "min": 0,
            "med": 0,
            "max": 0.921301,
            "p(90)": 0
        },
        "data_sent": {
            "count": 2926,
            "rate": 9.61902723198105
        },
        "iterations": {
            "count": 3000,
            "rate": 9.862297230329169
        },
        "http_req_duration{expected_response:true}": {
            "avg": 366.41266283333334,
            "min": 217.836904,
            "med": 263.730722,
            "max": 704.111353,
            "p(90)": 615.716719,
            "p(95)": 659.914036
        },
        "http_req_blocked": {
            "avg": 1.3191539375000003,
            "min": 0.000383,
            "med": 0.0005265000000000001,
            "max": 21.098429,
            "p(90)": 0.0007,
            "p(95)": 5.27513825
        },
        "vus_max": {
            "value": 10,
            "min": 10,
            "max": 10
        },
        "http_req_tls_handshaking": {
            "p(90)": 0,
            "p(95)": 4.83618725,
            "avg": 1.2090468125,
            "min": 0,
            "med": 0,
            "max": 19.344749
        },
        "http_req_waiting": {
            "p(95)": 571.3656615,
            "avg": 246.54743181250004,
            "min": 103.985947,
            "med": 229.39330999999999,
            "max": 703.824087,
            "p(90)": 406.958842
        },
        "http_req_failed": {
            "passes": 10,
            "fails": 6,
            "thresholds": {
                "rate<0.05": true
            },
            "value": 0.625
        },
        "vus": {
            "value": 10,
            "min": 0,
            "max": 10
        },
        "http_req_receiving": {
            "avg": 0.14901281250000004,
            "min": 0.056793,
            "med": 0.0771735,
            "max": 1.035258,
            "p(90)": 0.1923295,
            "p(95)": 0.42223875
        },
        "iteration_duration": {
            "max": 1004.133143,
            "p(90)": 1001.1369386,
            "p(95)": 1001.26462995,
            "avg": 1000.6913987283345,
            "min": 1000.013646,
            "med": 1000.6598475
        },
        "http_req_duration": {
            "med": 229.5248975,
            "max": 704.111353,
            "p(90)": 407.07919449999997,
            "p(95)": 571.519402,
            "avg": 246.7633758125,
            "min": 104.12175,
            "thresholds": {
                "p(95)<500": true
            }
        },
        "data_received": {
            "count": 12481,
            "rate": 41.03044391057945
        },
        "http_req_sending": {
            "p(90)": 0.08496,
            "p(95)": 0.12749225,
            "avg": 0.0669311875,
            "min": 0.040353,
            "med": 0.057045,
            "max": 0.200678
        },
        "http_reqs": {
            "count": 16,
            "rate": 0.05259891856175557
        }
    },
    "setup_data": {
        "users": []
    }
}