{
    "root_group": {
        "name": "",
        "path": "",
        "id": "d41d8cd98f00b204e9800998ecf8427e",
        "groups": {},
        "checks": {}
    },
    "metrics": {
        "http_req_sending": {
            "med": 0.0690425,
            "max": 0.275334,
            "p(90)": 0.09207700000000002,
            "p(95)": 0.1059985,
            "avg": 0.07620612000000003,
            "min": 0.043491
        },
        "http_req_duration{endpoint:entitlements}": {
            "med": 0,
            "max": 0,
            "p(90)": 0,
            "p(95)": 0,
            "avg": 0,
            "min": 0,
            "thresholds": {
                "p(95)<300": false
            }
        },
        "http_req_connecting": {
            "avg": 0.016713560000000002,
            "min": 0,
            "med": 0,
            "max": 1.671356,
            "p(90)": 0,
            "p(95)": 0
        },
        "http_req_duration": {
            "avg": 187.57452190999993,
            "min": 83.839371,
            "med": 188.340766,
            "max": 448.751842,
            "p(90)": 278.42901570000004,
            "p(95)": 304.74988054999994
        },
        "http_reqs": {
            "count": 100,
            "rate": 0.10864663498022555
        },
        "http_req_tls_handshaking": {
            "med": 0,
            "max": 9.740093,
            "p(90)": 0,
            "p(95)": 0,
            "avg": 0.09740093,
            "min": 0
        },
        "data_sent": {
            "count": 15436,
            "rate": 16.770694575547616
        },
        "data_received": {
            "count": 60164,
            "rate": 65.3661614695029
        },
        "http_req_failed": {
            "passes": 67,
            "fails": 33,
            "value": 0.67
        },
        "http_req_receiving": {
            "avg": 0.08835818000000001,
            "min": 0.057177,
            "med": 0.07950750000000001,
            "max": 0.238182,
            "p(90)": 0.10999820000000002,
            "p(95)": 0.13083164999999997
        },
        "vus": {
            "max": 50,
            "value": 28,
            "min": 0
        },
        "http_req_blocked": {
            "min": 0.00038,
            "med": 0.0006305,
            "max": 25.760378,
            "p(90)": 0.0007470000000000002,
            "p(95)": 0.000802,
            "avg": 0.25822141000000015
        },
        "iteration_duration": {
            "avg": 0.00961704194594155,
            "min": 0.001337,
            "med": 0.002981,
            "max": 18121.822296,
            "p(90)": 0.003914,
            "p(95)": 0.004899
        },
        "http_req_failed{endpoint:entitlements}": {
            "passes": 0,
            "fails": 0,
            "thresholds": {
                "rate<0.01": false
            },
            "value": 0
        },
        "iterations": {
            "count": 114974437,
            "rate": 124915.85688795938
        },
        "http_req_waiting": {
            "avg": 187.40995761,
            "min": 83.70245,
            "med": 188.18715500000002,
            "max": 448.592022,
            "p(90)": 278.2995533,
            "p(95)": 304.61789329999993
        },
        "vus_max": {
            "value": 50,
            "min": 50,
            "max": 50
        },
        "http_req_duration{expected_response:true}": {
            "avg": 259.75804766666664,
            "min": 213.30796,
            "med": 247.207536,
            "max": 448.751842,
            "p(90)": 314.9773632,
            "p(95)": 354.5659701999999
        }
    },
    "setup_data": {
        "users": []
    }
}