{
    "metrics": {
        "http_req_duration{expected_response:true}": {
            "med": 319.787302,
            "max": 830.153566,
            "p(90)": 557.8386217,
            "p(95)": 693.9960938499997,
            "avg": 385.83494262500005,
            "min": 271.707248
        },
        "iteration_duration": {
            "p(95)": 1001.85425215,
            "avg": 1000.8162745106675,
            "min": 1000.010792,
            "med": 1000.7818335,
            "max": 1004.004762,
            "p(90)": 1001.367793
        },
        "http_req_receiving": {
            "min": 0.068506,
            "med": 0.078677,
            "max": 1.500683,
            "p(90)": 0.14168970000000006,
            "p(95)": 0.3902404499999982,
            "avg": 0.16706744444444444
        },
        "http_req_duration": {
            "avg": 274.0771602777778,
            "min": 135.138478,
            "med": 271.7130365,
            "max": 830.153566,
            "p(90)": 376.6529105000001,
            "p(95)": 499.48541934999946,
            "thresholds": {
                "p(95)<500": false
            }
        },
        "data_sent": {
            "count": 3188,
            "rate": 10.44382995700802
        },
        "iterations": {
            "count": 3000,
            "rate": 9.827945379869531
        },
        "http_req_blocked": {
            "p(95)": 7.231893399999931,
            "avg": 2.678861166666667,
            "min": 0.000574,
            "med": 0.000666,
            "max": 48.208112,
            "p(90)": 0.0007939
        },
        "http_req_waiting": {
            "p(95)": 498.92663004999946,
            "avg": 273.74265222222226,
            "min": 134.96849,
            "med": 271.5627925,
            "max": 828.476838,
            "p(90)": 375.44346650000006
        },
        "vus_max": {
            "max": 10,
            "value": 10,
            "min": 10
        },
        "http_req_sending": {
            "min": 0.064572,
            "med": 0.0701585,
            "max": 1.596888,
            "p(90)": 0.15606760000000008,
            "p(95)": 0.44832209999999806,
            "avg": 0.16744061111111114
        },
        "http_req_failed": {
            "passes": 10,
            "fails": 8,
            "thresholds": {
                "rate<0.05": true
            },
            "value": 0.5555555555555556
        },
        "vus": {
            "value": 10,
            "min": 0,
            "max": 10
        },
        "data_received": {
            "count": 13567,
            "rate": 44.44524498956331
        },
        "http_reqs": {
            "count": 18,
            "rate": 0.05896767227921718
        },
        "http_req_tls_handshaking": {
            "avg": 1.2955813333333335,
            "min": 0,
            "med": 0,
            "max": 23.320464,
            "p(90)": 0,
            "p(95)": 3.498069599999967
        },
        "http_req_connecting": {
            "med": 0,
            "max": 1.427283,
            "p(90)": 0,
            "p(95)": 0.214092449999998,
            "avg": 0.0792935,
            "min": 0
        }
    },
    "setup_data": {
        "users": []
    },
    "root_group": {
        "id": "d41d8cd98f00b204e9800998ecf8427e",
        "groups": {},
        "checks": {},
        "name": "",
        "path": ""
    }
}