{
    "metrics": {
        "http_reqs": {
            "count": 200,
            "rate": 2.068382655724733
        },
        "http_req_failed": {
            "fails": 61,
            "passes": 139,
            "value": 0.695
        },
        "vus": {
            "value": 98,
            "min": 0,
            "max": 98
        },
        "http_req_waiting": {
            "min": 70.954648,
            "med": 134.1786405,
            "max": 711.721436,
            "p(90)": 268.01624189999995,
            "p(95)": 313.0947912999996,
            "avg": 182.8992097899999
        },
        "data_received": {
            "count": 112503,
            "rate": 1163.4962695849981
        },
        "http_req_duration{expected_response:true}": {
            "med": 241.615475,
            "max": 711.983919,
            "p(90)": 364.214612,
            "p(95)": 508.672963,
            "avg": 275.851891737705,
            "min": 206.258153
        },
        "http_req_sending": {
            "max": 1.891486,
            "p(90)": 0.07557399999999999,
            "p(95)": 0.0845938,
            "avg": 0.07024287999999998,
            "min": 0.032232,
            "med": 0.0586295
        },
        "data_sent": {
            "count": 30285,
            "rate": 313.20484364311767
        },
        "iterations": {
            "count": 11441746,
            "rate": 118329.54488803919
        },
        "http_req_tls_handshaking": {
            "avg": 0.08376948000000001,
            "min": 0,
            "med": 0,
            "max": 16.753896,
            "p(90)": 0,
            "p(95)": 0
        },
        "http_req_duration{endpoint:hydration-log}": {
            "avg": 0,
            "min": 0,
            "med": 0,
            "max": 0,
            "p(90)": 0,
            "p(95)": 0,
            "thresholds": {
                "p(95)<500": false
            }
        },
        "http_req_failed{endpoint:hydration-log}": {
            "passes": 0,
            "fails": 0,
            "thresholds": {
                "rate<0.01": false
            },
            "value": 0
        },
        "http_req_receiving": {
            "max": 0.746878,
            "p(90)": 0.10948129999999999,
            "p(95)": 0.13139824999999988,
            "avg": 0.08889786000000001,
            "min": 0.056009,
            "med": 0.0752615
        },
        "http_req_duration": {
            "min": 71.103482,
            "med": 134.31590549999999,
            "max": 711.983919,
            "p(90)": 268.1272386,
            "p(95)": 313.2137048999996,
            "avg": 183.05835053000007
        },
        "http_req_connecting": {
            "avg": 0.008765675,
            "min": 0,
            "med": 0,
            "max": 1.753135,
            "p(90)": 0,
            "p(95)": 0
        },
        "vus_max": {
            "value": 100,
            "min": 100,
            "max": 100
        },
        "iteration_duration": {
            "max": 92.095287,
            "p(90)": 0.004797,
            "p(95)": 0.006262,
            "avg": 0.005827636006692457,
            "min": 0.001378,
            "med": 0.003039
        },
        "http_req_blocked": {
            "max": 32.142233,
            "p(90)": 0.0006938,
            "p(95)": 0.0007510500000000001,
            "avg": 0.16127139999999984,
            "min": 0.00035,
            "med": 0.000559
        }
    },
    "setup_data": {
        "users": []
    },
    "root_group": {
        "name": "",
        "path": "",
        "id": "d41d8cd98f00b204e9800998ecf8427e",
        "groups": {},
        "checks": {}
    }
}