{
    "metrics": {
        "http_req_duration": {
            "avg": 239.44880139999995,
            "min": 102.027614,
            "med": 198.616897,
            "max": 1375.006409,
            "p(90)": 343.33610360000006,
            "p(95)": 383.47922794999994
        },
        "http_req_failed{endpoint:daily-health}": {
            "passes": 0,
            "fails": 0,
            "thresholds": {
                "rate<0.01": false
            },
            "value": 0
        },
        "http_req_failed": {
            "fails": 33,
            "passes": 67,
            "value": 0.67
        },
        "vus_max": {
            "value": 50,
            "min": 50,
            "max": 50
        },
        "http_req_connecting": {
            "p(90)": 0,
            "p(95)": 0,
            "avg": 0.01082044,
            "min": 0,
            "med": 0,
            "max": 1.082044
        },
        "iteration_duration": {
            "max": 60110.04926,
            "p(90)": 0.003732,
            "p(95)": 0.004221,
            "avg": 0.011601038624145719,
            "min": 0.001308,
            "med": 0.002959
        },
        "http_req_tls_handshaking": {
            "min": 0,
            "med": 0,
            "max": 12.566826,
            "p(90)": 0,
            "p(95)": 0,
            "avg": 0.12566826
        },
        "http_reqs": {
            "count": 100,
            "rate": 0.10822476592317465
        },
        "http_req_blocked": {
            "avg": 0.2681028299999999,
            "min": 0.000367,
            "med": 0.000627,
            "max": 26.749252,
            "p(90)": 0.0007755,
            "p(95)": 0.0008192
        },
        "http_req_sending": {
            "avg": 0.06969037999999997,
            "min": 0.03411,
            "med": 0.0592955,
            "max": 0.894524,
            "p(90)": 0.07308780000000001,
            "p(95)": 0.0839654
        },
        "iterations": {
            "count": 148419170,
            "rate": 160626.29931761866
        },
        "vus": {
            "value": 50,
            "min": 0,
            "max": 50
        },
        "http_req_waiting": {
            "med": 198.4805715,
            "max": 1374.023725,
            "p(90)": 343.2142551,
            "p(95)": 383.3461997,
            "avg": 239.28775731999994,
            "min": 101.902948
        },
        "http_req_receiving": {
            "avg": 0.09135370000000004,
            "min": 0.055467,
            "med": 0.07564799999999999,
            "max": 0.740318,
            "p(90)": 0.10449660000000001,
            "p(95)": 0.10990599999999998
        },
        "data_sent": {
            "count": 15401,
            "rate": 16.66769619982813
        },
        "http_req_duration{endpoint:daily-health}": {
            "med": 0,
            "max": 0,
            "p(90)": 0,
            "p(95)": 0,
            "avg": 0,
            "min": 0,
            "thresholds": {
                "p(95)<900": false
            }
        },
        "http_req_duration{expected_response:true}": {
            "avg": 364.7870528484849,
            "min": 273.60481,
            "med": 331.948592,
            "max": 1375.006409,
            "p(90)": 404.5753324,
            "p(95)": 425.50617539999996
        },
        "data_received": {
            "count": 54658,
            "rate": 59.1534925582888
        }
    },
    "setup_data": {
        "users": []
    },
    "root_group": {
        "checks": {},
        "name": "",
        "path": "",
        "id": "d41d8cd98f00b204e9800998ecf8427e",
        "groups": {}
    }
}